Country Name,corruption_perception_estimate,access_to_electricity_percent,co2_emissions_per_capita,mobile_cellular_subscriptions_per_100_people,agriculture_value_added_percent_gdp,industry_value_added_percent_gdp,gdp_growth_annual_percent,gdp_per_capita_usd,stability_of_government_estimate,health_expenditure_pct_gdp,child_mortality_rate,life_expectancy_at_birth,fertility_rate_total,population_65_plus_percent,population_total,urban_population_percent
Afghanistan,-1.18368434906006,85.3,0.20355189041619237,56.2655,33.701432321392254,16.050367722396278,-6.2401719924026935,357.2611527981426,-2.54495596885681,23.088169100000002,52.0,65.617,4.932,2.355142367049311,40578842.0,26.616
Albania,-0.408189445734024,100.0,1.6592930310052711,98.395,16.984478035139276,23.02505572368197,4.826696119127647,6846.4266938164255,0.10626131296157801,6.19368076,8.3,78.769,1.355,15.7763381628571,2777689.0,63.799
Algeria,-0.638041079044342,100.0,4.104114244553486,107.787,10.613177903656318,43.04805748224685,3.6000000009491515,4961.552576647326,-0.650652348995209,3.6230433,20.0,76.129,2.817,6.18696352392874,45477389.0,74.772
American Samoa,1.27027237415314,95.18,0.0020685945968308417,122.31764,7.658085874173308,19.785807372981722,1.7350157728706534,18017.45893839725,1.12317395210266,10.395106794,19.12,72.752,2.305,7.1036273181428,48342.0,87.196
Andorra,1.27027237415314,100.0,4.383950895005612,142.426,0.4874918621566149,11.14534110413013,9.564612256481835,42414.05900921166,1.58598840236664,7.53678846,2.6000000000000014,84.016,1.0710000000000002,14.9689479957343,79705.0,87.811
Angola,-0.612375736236572,48.5,0.7675874207931752,66.6008,13.737788497454275,45.180052903576026,3.0447265239191807,2929.6944546727173,-0.630108535289764,2.92737579,39.6,64.246,5.209,2.7733385596515205,35635029.0,68.081
Antigua and Barbuda,0.310727566480637,100.0,3.30137871607066,200.541,1.9556603230728626,19.658195974784363,9.107806233859575,20105.19890851644,0.938082098960876,5.7299943,7.5,77.483,1.58,10.728672985782,92840.0,24.346000000000004
Argentina,-0.447221606969833,100.0,4.260967429811338,131.484,6.6382969747364164,24.007552778777317,5.26987967384072,13935.681111004897,-0.0985943302512169,9.86305332,8.3,75.806,1.482,12.0340800139112,45407904.0,92.347
Armenia,0.0279071740806103,100.0,2.4549710359692845,130.54,10.146703925568268,25.43709664377936,12.599999999776628,6571.974455450989,-0.740756273269653,9.96212864,9.3,74.7658536585366,1.7,12.9151582271286,2969200.0,63.573
Aruba,0.756486594676971,99.9,4.684558755008854,130.648,2.6721674453726942,22.615746337346827,8.517918105175454,30559.533534658058,1.48307979106903,6.46832781,10.2,76.226,1.615,15.7002096825073,107310.0,44.052
Australia,1.76436710357666,100.0,14.410423242912508,109.469,2.673227685876113,27.482514271589974,4.242385553361388,64997.01365364752,0.9837159514427188,9.92687893,3.1999999999999993,83.2,1.63,17.0750320469828,26014399.0,86.488
Austria,1.25858676433563,100.0,6.771146748602692,121.166,1.3747510378984877,25.20554005525511,5.277894485386582,52176.664914117835,0.648710012435913,11.15729332,2.6999999999999993,81.2951219512195,1.41,19.7897509199721,9041851.0,59.256
Azerbaijan,-1.04090738296509,100.0,3.8875713436608015,107.506,4.612208308110533,56.14673735768555,4.714680378575437,7770.594223350996,-0.922807276248932,3.97840643,14.100000000000001,74.125,1.67,7.52651403008595,10141756.0,57.17
"Bahamas, The",1.25644886493683,100.0,4.016722929631885,101.624,0.4144839099648845,9.50434632433366,10.877455014596762,34957.16132797368,0.881239235401154,7.21692038,11.6,74.491,1.379,11.2521177194159,397538.0,83.492
Bahrain,0.139520317316055,100.0,23.800922546374903,139.636,0.24616046914750633,46.38962737029633,6.180161254751852,30470.52192760228,-0.36290544271469105,3.83745313,7.0,80.992,1.839,3.49895236846893,1524693.0,89.743
Bangladesh,-1.07575178146362,99.4,0.732520444251886,109.867,11.21760103515951,33.92008049718756,7.099828775751576,2716.4859278043114,-1.046462059021,2.3903858699999994,24.4,74.265,2.179,6.13515765182076,169384897.0,39.711
Barbados,1.28473830223083,100.0,2.691291380641688,114.581,1.6350197812843827,13.97917010098679,17.832863025132696,22164.02602738756,1.14464545249939,6.29389191,9.6,75.676,1.712,15.6987864748263,282318.0,31.324
Belarus,-0.579731464385986,100.0,6.158015039112724,128.315,8.04181871674039,33.029095545083386,-4.658395915735852,7994.648060748885,-0.802096605300903,6.65919876,2.0,74.10336585365854,1.326,16.5067849004664,9228071.0,80.326
Belgium,1.49497354030609,100.0,7.683021110065658,101.68,0.6970067082305551,19.513970380186283,4.259360736526901,50822.25185385176,0.581981599330902,10.76192474,3.1000000000000014,81.7487804878049,1.53,19.7671927585206,11680210.0,98.153
Belize,-0.23691363632679,98.6,0.6498101719998108,67.175,7.749323778410089,15.430147187972038,9.652977723897578,7068.454782697221,0.564006090164185,4.23173904,10.9,72.19,1.949,4.70833033299978,402732.99999999255,46.396
Benin,-0.0898572877049446,56.5,0.4810494217777226,105.745,26.896678796812388,17.017826707817036,6.25294705373625,1266.4271098115896,-0.34320268034935,2.6798138599999994,47.7,60.475,4.634,3.0625312306940202,13759501.0,49.534
Bermuda,1.27027237415314,100.0,5.133670018069777,105.274,0.21854416239193952,5.325904347275042,6.476225711867073,121613.9399836291,1.02404379844666,9.224113178,2.8200000000000003,82.062,1.397,20.1417793462397,64749.0,100.0
Bhutan,1.51478183269501,100.0,2.4672371093359837,95.1298,14.671011956090444,31.82484473808018,5.213867837862239,3711.3276798159095,1.00934255123138,4.38545895,19.1,72.754,1.478,6.24575417667363,780914.0,43.686
Bolivia,-0.889700353145599,99.9,1.882678650947069,101.572,12.46872564869134,26.201758881038582,3.605680426336349,3643.9282698460447,-0.191908553242683,8.43142891,20.7,67.434,2.584,5.47908058471391,12077154.0,70.83
Bosnia and Herzegovina,-0.684315621852875,100.0,7.087083695030146,118.944,4.82624839377878,24.66324979441201,4.226811010955458,7655.594210243828,-0.483193695545197,8.71644783,5.5,76.777,1.4810000000000003,21.1032694063471,3204802.0,49.841
Botswana,0.661908507347107,75.9,2.984845230854481,178.205,1.579789821878025,37.45712971391797,5.486017064467717,8328.709056821848,1.0739837884903,5.72838593,39.2,68.749,2.785,3.88015204774475,2439892.0,72.224
Brazil,-0.566354334354401,100.0,2.2772215483774,101.245,5.767474908194573,22.81945685169096,3.0166943539301485,9281.33334441234,-0.3950369358062741,9.14277458,12.6,74.872,1.629,10.251784783293,210306415.0,87.555
British Virgin Islands,0.060900064185261796,100.0,1.8633054098489001,92.8913,7.773905733839298,30.712540416626634,5.667846446435132,6911.023892482668,0.22263539433479304,5.724792578,12.0,77.177,1.025,8.85722487538819,38319.0,49.331
Brunei Darussalam,1.1751925945282,100.0,20.7490612029778,116.108,1.0961602970487654,67.92558548186271,-1.6283315402236553,36632.92804214111,1.24248862266541,1.8176821499999996,8.3,72.917,1.764,6.20177679884138,455370.0,78.854
Bulgaria,-0.158206030726433,100.0,7.744369496698967,116.679,3.7112376902420783,25.302791429127364,4.03877758301681,13999.67191972892,0.3134286403656009,7.66357517,5.099999999999998,74.16097560975611,1.7800000000000002,21.6972972212748,6465097.0,76.363
Burkina Faso,-0.111639469861984,19.5,0.27295258020356084,119.463,18.496712579201507,28.73548465714856,1.4972397409896985,836.1183045936814,-1.81536936759949,6.77182007,46.1,60.7,4.275,2.5946554758436298,22509038.0,31.877000000000002
Burundi,-1.51818120479584,10.299999999999997,0.06302784222650715,56.26,27.566714644381022,10.637788144590768,1.848999439482128,250.6342253687435,-1.19244623184204,8.39522648,32.4,62.882,4.98,2.4858499834566903,13321097.000000004,14.417000000000002
Cabo Verde,0.959875285625458,97.1,1.9954169480568202,113.247,4.9540486885113575,11.07892384111441,15.843675684641951,4323.313620327088,0.927069365978241,6.67440224,11.5,75.907,1.533,6.32872911700251,519740.99999999255,67.545
Cambodia,-1.24161159992218,92.3,1.008881435372408,113.392,16.5440859884826,40.864962622232895,5.129901107672666,2325.030500408411,-0.0980230420827866,4.71089554,21.1,70.528,2.616,5.7669541078253,17201724.0,25.114000000000004
Cameroon,-1.12971425056458,71.0,0.3917992878817689,89.8274,16.54616441327453,27.130359337719614,3.736784005641198,1604.877269548946,-1.37962925434113,4.47835922,42.5,62.443,4.397,2.763171982224079,27632771.0,58.733
Canada,1.65857303142548,100.0,14.776101171735082,91.2387,1.3352958430584358,21.71628473258841,4.189036281008512,56256.80072640146,0.780681550502777,11.23432541,4.5,81.24536585365854,1.33,18.9407471303288,38935934.0,81.752
Cayman Islands,0.457700431346893,100.0,4.742216200360381,139.315,0.4653714440791177,8.19059449963044,5.156329542483334,92202.14780315755,1.66074180603027,7.359013558,2.6799999999999997,79.984,1.541,8.13783759245162,71591.0,100.0
Central African Republic,-1.24614667892456,15.700000000000003,0.06920307985089913,38.821799999999996,36.21711000241186,21.15730000073896,0.45390188150700794,467.35982502623665,-2.20505237579346,9.95509052,189.09999999999997,18.817999999999998,6.023,2.143696611216921,5098039.0,43.12
Chad,-1.48853802680969,11.700000000000003,0.13584161875093326,65.43780000000001,35.22798239859793,33.063605230064105,12.896616430008237,966.0364682785694,-1.47040486335754,4.52549791,60.3,54.528,6.215,2.0555107822459107,18455316.000000004,24.063000000000002
Channel Islands,0.6703189045190806,100.0,4.621820189630633,127.06360000000001,0.6503830578313909,8.383067881067326,5.341961403758688,67627.30844782345,0.7874998748302455,8.515684606,3.759999999999998,81.0,1.37,19.3435436800306,167215.0,31.077
Chile,0.968124032020569,100.0,4.543795654035517,135.114,3.234679258491621,31.033047400602147,2.15399356192458,15405.616577407298,0.13208432495594,10.06172848,5.9,79.176,1.255,13.300080015705,19553036.0,87.912
China,0.0160636715590954,100.0,8.87059061376954,124.195,7.147886928301708,37.8945266620066,3.134188871957704,12970.605641432652,-0.45127671957016,5.36948681,4.800000000000001,78.202,1.034,13.781930345649,1412175000.0,63.56
Colombia,-0.362088114023209,100.0,1.7735629386432517,156.195,8.831544736890406,26.123002231695235,7.328277294279786,6680.44506854481,-0.62995833158493,7.57361269,11.3,76.508,1.663,9.00655628107831,51737944.0,82.05
Comoros,-1.24499189853668,89.9,0.38025001558401694,100.549,35.164324118156784,9.638798090273713,2.818395065626362,1533.877553321512,-0.226411357522011,8.3803854,36.8,66.481,3.935,4.45529065390536,834188.0,29.864000000000004
"Congo, Dem. Rep.",-1.54492211341858,21.5,0.0380089379208961,48.6774,17.735484791564282,47.77963307146143,8.924447850795175,642.6122671489175,-1.98448967933655,3.78614616,45.8,60.979,6.106,3.066046838418111,102396968.0,46.837
"Congo, Rep.",-1.35977947711945,50.6,1.2791163168024942,93.6259,8.041910694336302,49.24555236323116,1.4753561324713331,2620.838043047126,0.0389938205480576,2.1922454800000004,28.5,65.0,4.215,2.84985975386671,6035104.0,68.736
Costa Rica,0.465857774019241,100.0,1.5919665706698365,154.989,4.140073620995341,20.646438111551657,4.551491779583984,13625.90084914784,0.956596434116364,7.18368196,8.8,79.316,1.335,11.2620626162428,5081765.0,82.042
Cote d'Ivoire,-0.338705569505692,72.0,0.48571472375622804,161.232,16.584333209761567,23.044542347441613,6.399883627205313,2333.3712833447717,-0.587266504764557,3.6424129,47.9,61.562,4.349,2.5328210210349695,30395002.0,52.661
Croatia,0.147807404398918,100.0,4.523891098782278,114.677,3.393120137394705,20.06514956354682,7.287936432065649,18466.095547264755,0.672563254833221,7.21545315,3.8999999999999986,77.57560975609756,1.53,22.4847051223347,3855641.0,58.219
Cuba,-0.069265678524971,100.0,1.8849854699262734,68.71799999999999,0.8006722551031213,23.783235638365927,1.7750487982576715,10000.0,0.491417795419693,11.78683186,6.300000000000001,77.629,1.412,15.8758777267623,11059820.0,77.401
Curacao,0.6099343024194235,100.0,9.969264080122112,92.7325,0.2661750176140725,11.189059030199916,7.923000000000016,20501.75227822187,0.6221139401197433,8.596244050000001,5.219999999999999,76.729,1.3,15.7946418695996,149996.0,89.025
Cyprus,0.421445220708847,100.0,5.396921967597287,151.241,1.175794552747039,10.314473599827021,7.204867807438788,33894.44921875,0.42381122708320595,8.87060547,2.8000000000000007,80.434,1.393,14.0779422699926,1331370.0,66.911
Czechia,0.663074553012848,100.0,9.317035287653304,128.105,2.076349755002644,29.218573046432617,2.847170658381401,28282.22367158567,0.814114570617676,8.79904652,2.1999999999999993,78.92926829268293,1.64,20.5183106530339,10672118.0,74.377
Denmark,2.40263819694519,100.0,4.767291819448192,126.484,0.7895854867274661,20.83551839467077,1.5401730735789272,68091.31911386686,0.86891770362854,9.4758625,3.1000000000000014,81.3048780487805,1.5500000000000003,20.4007400764725,5903037.0,88.367
Djibouti,-0.793266594409943,65.0,0.6582557673230758,46.77709999999999,2.631017922476442,15.03087278027378,5.166537028543743,3133.257797724629,-0.507386088371277,2.4967501199999997,45.9,65.54,2.653,4.62735776047053,1137096.0,78.38
Dominica,0.539586186408997,100.0,1.1342890491724775,85.1899,12.943819957557348,12.606775368995466,10.39680766161213,9323.66089490562,1.30801045894623,6.31969738,32.7,71.081,1.482,12.585576081345,66826.0,71.7
Dominican Republic,-0.439807772636414,98.1,2.639560335059133,90.376,4.153719841887107,30.825542745173827,5.237956529025951,10104.244934908073,0.249287635087967,4.57254791,29.1,74.211,2.267,7.28713311557077,11230734.0,83.848
Ecuador,-0.63026487827301,100.0,2.3709854247923445,98.1309,7.393039923554625,29.583590541754237,5.868423548623113,6515.585284183364,-0.37122431397438005,7.53457022,11.2,76.577,1.861,7.85040162653543,17823897.0,64.57
"Egypt, Arab Rep.",-0.678962171077728,100.0,2.194677150461848,90.6795,10.9457535224737,32.711431431303794,6.587845608869671,4233.307837448563,-0.978700578212738,4.70438385,16.7,71.01,2.75,4.82840349955892,112618250.0,42.967
El Salvador,-0.642525255680084,100.0,1.2607639834855524,183.249,4.558752838081563,23.7319470400488,2.954615165498893,5074.602102218058,-0.35247483849525507,9.84079742,9.5,71.969,1.785,7.86163091397109,6280319.0,74.767
Equatorial Guinea,-1.60196936130524,67.0,2.307233808970666,49.538,2.4897830321452545,56.21099906178354,3.2235083165859777,7589.299649093813,-0.236288592219353,2.9135000699999996,50.9,63.355,4.17,3.5675017812142205,1803545.0,74.01
Eritrea,-1.28224623203278,53.4,0.19575021990369645,59.1248,18.340399913405452,27.859376063489123,3.79217088526766,1233.3025891717625,-0.957195043563843,3.87447667,26.4,67.789,3.7859999999999996,4.11604873165648,3409447.0,42.625
Estonia,1.54471278190613,100.0,9.332611725630914,152.271,2.435155581465258,23.33904868190031,0.060430516513093835,28451.14778251755,0.727880895137787,6.98701143,1.6999999999999993,77.84390243902439,1.41,20.6300461857585,1348840.0000000075,69.609
Eswatini,-0.726303339004517,82.3,1.109673587291013,121.492,7.5820560091282045,34.54093829768075,1.119590667755304,3889.652769591612,-0.210463792085648,7.2226615,44.6,63.028,2.801,4.01504122718824,1218917.0,24.576
Ethiopia,-0.433258950710297,55.4,0.13190727798292645,56.9643,37.64222683850348,22.717526959086666,5.321759884033781,1011.0733241346206,-2.07060623168945,2.8527457700000003,37.0,66.897,4.082,3.12441623217276,125384287.0,22.661
Faroe Islands,0.9074772894382468,100.0,0.03894153207113327,105.804,18.91316837371476,17.946787645858507,3.55602380418398,66139.3809716876,0.8537110686302178,9.738232994,5.799999999999997,82.94390243902441,2.0713,17.792671863139,53927.0,42.779
Fiji,0.388872087001801,92.0,2.326026568866092,111.749,12.711447204375242,15.707130921737228,19.792726688669923,5405.030061626714,0.748508632183075,4.00910091,23.5,67.148,2.305,6.20928148336672,919422.0000000075,58.229
Finland,2.24686503410339,100.0,6.507021284331149,128.023,2.241343678959926,25.18082927837376,0.7630419127635268,50440.56022497404,0.894830107688904,9.6589222,1.8000000000000007,81.1878048780488,1.32,23.2287672110978,5556106.0,85.681
France,1.25943613052368,100.0,4.561196379667293,115.951,1.763097194998183,16.19809183806043,2.570840475677926,41082.81193207471,0.39333921670913696,11.8819046,3.3999999999999986,82.12926829268294,1.79,21.3773491158756,68065015.0,81.509
French Polynesia,-0.2769824624061584,100.0,4.341638787636691,116.866,8.548395858195345,23.777636943306224,4.46637969963146,20738.649997166125,-0.2935891270637514,6.653209448,8.36,83.859,1.515,10.1726954325946,280378.0,62.17
Gabon,-1.04297661781311,93.5,2.219482323746568,123.233,6.295084988074116,55.6590964573237,3.0376144952569177,8409.207414522787,0.0603694021701813,2.8559153100000003,27.2,67.713,3.712,4.01133890116906,2430747.0,90.735
"Gambia, The",-0.275547713041306,65.4,0.23671803585855322,106.782,22.860438585973405,15.588969531624272,5.492998255089461,836.2448755826299,0.04397328197956091,3.4143583599999996,34.9,64.859,4.078,2.889792032528341,2636470.0,63.852
Georgia,0.620420038700104,100.0,3.40306887376761,154.014,6.632355201756794,21.329779714521,10.95853213856239,6729.846599302833,-0.43653005361557007,7.25569582,8.099999999999998,74.141,1.82,15.086921296037,3712502.0,60.297
Germany,1.81836342811584,100.0,7.870139120886976,124.158,1.0039581673558686,25.68688746411725,1.3697310461275833,49686.11545825826,0.628491878509521,12.60513115,3.1000000000000014,80.6080487804878,1.455,22.4589063795192,83797985.0,77.648
Ghana,-0.0643710345029831,85.1,0.7477928847169308,120.803,19.513638202715818,31.470050505778985,3.8048498095216416,2229.89122647803,-0.195024788379669,3.6993649,29.2,65.246,3.434,3.5615028704203304,33149152.0,58.615
Gibraltar,1.551137137413026,100.0,17.947831636044565,97.6043,1.5620566948950998,23.53097286271878,5.702444805714572,49368.477801604124,0.9566221594810476,9.723114110000001,2.84,83.517,1.895,17.3373748653931,37609.0,100.0
Greece,0.0375978611409664,100.0,5.263286487286146,109.027,3.753295609612093,16.69772345454579,5.743649025263366,20971.83492582833,0.10646377503871898,8.49983692,3.3000000000000007,80.78780487804879,1.32,23.2281742678017,10436882.0,80.357
Greenland,1.02909278869629,100.0,10.16219268985722,118.637,16.02589391385432,19.51188896460209,2.004555808656036,55635.00064912226,1.56980299949646,9.342217544,5.5600000000000005,71.54048780487807,1.818,9.57841062323073,56661.0,87.727
Grenada,0.484212607145309,94.2,1.157270791101075,95.7592,4.093903379687529,16.085447909506343,7.320740615518744,10535.45887714543,1.03362321853638,4.94846392,16.9,75.151,1.502,11.5213876985451,116913.0,36.86800000000001
Guam,1.27027237415314,100.0,0.002421600678047753,144.3298,2.4798949488538264,15.25803053868732,5.099864262167927,41833.15171328248,0.816113114356995,8.891706086000001,7.159999999999998,77.102,2.819,11.6412398595472,165180.0,95.091
Guatemala,-1.21014869213104,99.1,1.1193095963178141,115.156,9.082101904823077,22.63066127366923,4.184518087126051,5358.701274943964,-0.262850880622864,7.44098806,18.4,71.206,2.343,4.62989239560537,17847877.0,52.666
Guinea,-0.971789538860321,47.7,0.270989887896504,108.885,28.381973713968527,26.50293006865109,3.972407842007215,1416.5961201176433,-0.838682115077972,3.95847702,63.10000000000001,60.432,4.303,3.4310409069651904,14055137.0,37.668
Guinea-Bissau,-1.18545567989349,37.39999999999999,0.16931611960699655,125.935,38.66455312577423,12.84016384205592,5.585137280114736,873.4378618754272,-0.38594487309455905,8.11358356,44.3,63.605,3.911,3.09029227334318,2105529.0,45.041
Guyana,-0.295522034168243,93.0,4.043391424680243,112.565,10.029835921980824,67.82064166132254,63.3346343654855,17913.492806687907,0.0207335669547319,3.00636959,24.6,69.888,2.437,6.22245590205894,821637.0,27.022
Haiti,-1.45918750762939,49.3,0.29487275555160686,65.1889,20.275349314177173,29.341138031726743,-1.6819839689797789,1760.6263566877751,-1.4191986322403,3.20848918,41.5,63.948,2.699,4.54071966651153,11503606.0,58.82
Honduras,-1.00228834152222,94.4,0.9870533584508676,75.8551,12.47327302444554,25.908424768948844,4.143561940137673,3003.2899682639945,-0.568361818790436,8.28209972,13.7,72.715,2.522,4.16665073884696,10463872.0,59.6
"Hong Kong SAR, China",1.61076176166534,100.0,4.441390669879255,292.808,0.05290197221827597,6.2626536640311805,-3.6837514169857286,48825.84418735359,0.5749272108078,8.945372484,2.320000000000004,83.66097560975611,0.7010000000000001,20.6844238114149,7346100.0,100.0
Hungary,-0.103261694312096,100.0,4.9558389659465405,105.794,3.1336624890849407,24.29403402000386,4.270347551629044,18483.636686703485,0.678676307201385,6.68981791,3.1999999999999993,75.86829268292684,1.56,20.6075593133653,9605074.0,72.552
Iceland,1.56749963760376,100.0,8.508048366112309,120.115,4.162385146021436,21.87411885388467,8.978970851754966,75121.01522806275,1.24969923496246,9.28593922,2.0,82.11951219512197,1.589,15.1109948456115,382003.0,93.992
India,-0.322223275899887,99.2,1.9228118196239956,80.1818,16.546129592575387,25.38451956294612,7.609364977688955,2347.4482943462317,-0.615027368068695,3.3058846,25.6,71.698,1.994,6.69899975408181,1425423212.0,35.872
Indonesia,-0.435335576534271,100.0,2.355083578383915,122.873,12.399650163410756,41.42926417609789,5.307197226647986,4730.834848361068,-0.553894221782684,2.6939485100000002,17.5,70.925,2.149,6.82466625959862,278830529.0,57.934
"Iran, Islamic Rep.",-1.12661647796631,100.0,8.495505228829293,162.713,12.765315121686596,39.855692976080384,3.776631401529059,4405.092915197907,-1.62561237812042,5.34889174,11.0,76.799,1.704,7.62900026195697,89524246.0,76.807
Iraq,-1.21335303783417,100.0,4.322053972050406,99.1324,2.058706213883741,65.27212455945093,7.959048049926622,6520.73154560584,-2.40930914878845,4.29332495,21.5,72.037,3.294,3.3976055801979896,44070551.0,71.354
Ireland,1.67441475391388,100.0,6.663090877978897,110.609,1.0987488389633917,40.68170533410154,8.619503456187715,105234.51156759707,0.88466739654541,6.11978531,3.3000000000000007,82.50975609756098,1.54,15.16194031114,5212836.0,64.183
Isle of Man,1.4969823449850077,100.0,5.692998408981638,115.998,0.3724667830155415,6.936464027000195,-4.165393452132321,88328.54812588703,0.8466361820697792,9.935613728,3.5199999999999996,80.956,1.556,22.3006703751248,84132.0,53.271
Israel,0.781028926372528,100.0,6.576416426889877,151.138,1.1618336562619014,19.42694297994659,6.263263438412864,54949.62155642902,-1.22896540164948,7.34161806,2.6999999999999993,82.70000000000002,2.89,12.3030366078735,9557500.0,92.763
Italy,0.527714252471924,100.0,5.638792112342384,131.674,1.8903717512566853,23.279144111179946,4.821176699135648,35653.9042103495,0.46629822254180897,9.02753067,2.3999999999999986,82.70000000000002,1.24,23.929189689659,59013667.0,71.657
Jamaica,-0.02332185767591,100.0,2.2432817778879834,105.762,8.099365101753357,19.92208153610686,5.221519851596128,6022.153397917635,0.36424279212951693,7.77706337,18.3,71.481,1.372,7.53711329893799,2839144.0,57.008
Japan,1.53992962837219,100.0,8.07175855176299,168.603,0.9218813001109716,27.71743745829661,0.9419987754832841,34065.64389625263,1.0326372385025,11.42183685,1.8000000000000007,83.99634146341464,1.26,29.402647305694195,125124989.0,91.955
Jordan,0.0730289965867996,100.0,1.9842997627187637,67.7457,4.817844571160014,24.488201584582608,2.6474351491205823,4332.251598979314,-0.234430953860283,6.82820034,12.6,77.088,2.679,4.14208054031429,11256263.0,91.827
Kazakhstan,-0.185685604810715,100.0,11.99027143479566,125.642,5.247144807300736,34.97939742375806,3.1999999997073445,11255.339643788113,-0.46835383772850003,3.74026752,7.699999999999999,73.503,3.05,7.98541663578261,20034609.0,57.99
Kenya,-0.759503602981567,76.0,0.39426045576070745,121.169,21.03619206499328,17.52744809684349,4.859981042879994,2109.562885131374,-0.947280883789062,4.32603645,35.8,63.549,3.262,2.86391987696116,54252461.0,29.001999999999995
Kiribati,0.23645162582397497,94.4,0.722010592554553,49.112,27.83693370289049,9.859915263164073,4.566325931003718,2069.7672011055874,1.10384833812714,10.49855042,40.6,66.269,3.182,4.01552865250999,130469.0,57.058
"Korea, Dem. People's Rep.",-1.60601854324341,54.7,2.25855710723353,24.131100000000018,11.915055388104014,24.693645513757968,3.0913826828233653,3102.20242691382,-0.43081101775169406,4.482457876,14.3,73.641,1.797,11.5930531703916,26328845.0,62.916
"Korea, Rep.",0.748368859291077,100.0,11.375815280250531,148.684,1.6416471676339501,31.72630125657452,2.612672191872264,32394.68337252032,0.579976737499237,9.43414211,2.3999999999999986,82.68048780487806,0.778,17.4846463366305,51672569.0,81.427
Kosovo,-0.263819605112076,90.66,1.8297275873341445,34.5402,7.392605461026401,27.244181391807547,4.278498958275435,5290.947472246869,-0.198845237493515,7.7326882359999995,8.7,77.623,1.5549999999999997,9.23920193067768,1768096.0,68.622
Kuwait,0.127275705337524,100.0,23.83568830952647,168.35,0.402460287681043,65.76632892297107,6.758667046506716,39981.769098195735,0.29189202189445496,4.26875782,7.599999999999998,80.58780487804879,1.546,2.74657831156504,4589643.0,100.0
Kyrgyz Republic,-1.23040282726288,99.7,1.4782329446239686,106.926,10.99680566519774,24.19414219776426,8.96750520041391,1739.7201834417465,-0.471610426902771,4.92258883,15.1,72.04878048780488,2.8,5.19936059005824,6975220.0,37.461
Lao PDR,-0.96577924489975,100.0,3.247900154081085,63.3546,14.868882228227642,34.108979734211154,2.707426526431547,2046.4044025562034,0.789451360702515,2.0182547599999996,36.4,68.715,2.455,4.41710766922774,7559007.0,37.592
Latvia,0.693807184696198,100.0,3.5425988209960395,115.203,5.078001394749398,20.72298711830508,1.8067719800806543,20227.230743158063,0.48640912771225,7.62168407,2.6999999999999993,74.27804878048782,1.47,21.0117630297337,1879383.0,68.54
Lebanon,-1.12730157375336,100.0,2.93693660132346,74.0148,1.1895732629522016,2.390762099753932,-0.6216789706631118,3654.3584553487854,-1.4225754737854,5.73500204,15.1,78.003,2.263,9.51346669072451,5744489.0,89.262
Lesotho,-0.368640840053558,50.0,0.37259799397229365,68.1001,5.950853952753069,30.48874128260694,2.3877802018628387,1030.1257962883283,-0.292736917734146,12.65127754,57.6,56.812,2.716,3.7929706372461,2286110.0,29.942999999999998
Liberia,-0.925476372241974,31.799999999999997,0.31265737553165707,32.06389999999999,36.2030463526172,20.68854727275136,4.808105172906551,744.6171752373884,-0.267271250486374,13.47386169,53.9,61.934,4.016,3.2525393175955006,5373294.0,53.065
Libya,-1.52629828453064,70.0,7.897029335647903,192.973,1.6864376993735348,76.83807986471425,-8.251630041052877,5986.63694851258,-2.19370174407959,4.65005827,8.4,74.462,2.402,4.74866117985336,7223805.0,81.302
Liechtenstein,1.71488809585571,100.0,4.499381967522611,126.307,0.17175545430027306,40.62797200811935,3.117957675028117,186821.88175715695,1.64275300502777,8.622546292000001,5.4,84.1219512195122,1.47,19.6263702724012,39493.0,14.538000000000004
Lithuania,0.746974110603333,100.0,4.643988870050173,135.834,3.927938291255397,25.639869588622204,2.537525740115342,25085.78406349905,0.653032541275024,7.24335003,2.8999999999999986,75.64390243902439,1.27,19.8607556942966,2831639.0,68.465
Luxembourg,1.88359045982361,100.0,11.120757369052049,139.651,0.24216747829875374,9.113799153004198,-1.0950535116083557,123719.6589159963,1.06439006328583,5.55154753,2.0,82.94634146341465,1.31,14.8424375777289,653103.0,91.881
"Macao SAR, China",0.868464589118958,100.0,4.311678724346671,172.245,3.0608991619269306,9.251920663813156,-19.609344932572757,36909.95640903118,1.12270271778107,8.627670668,4.620000000000001,83.08048780487806,0.6800000000000002,12.7420560469024,677300.0,100.0
Madagascar,-0.969914019107819,36.1,0.13108603957498044,64.7495,21.544235787842723,23.35681615429949,4.1560977838081214,503.51453347288043,-0.48079660534858704,3.25023246,44.7,63.068,4.036,3.26762489022296,30437261.0,39.882
Malawi,-0.608851909637451,14.0,0.28916712788462196,59.6496,27.597551876220145,16.90734353839952,0.9211150690059351,604.2697511845145,-0.157983273267746,6.50023508,30.5,66.037,3.72,2.61321944653068,20568728.0,17.980000000000004
Malaysia,0.248940765857697,100.0,7.907148055224348,138.208,8.950720822756074,39.09483430097694,8.861821875780464,11748.091930794437,0.163117811083794,3.90591931,6.699999999999999,75.444,1.5500000000000003,7.18563935667379,34695493.0,78.214
Maldives,-0.332713663578033,100.0,5.305796918943877,136.459,5.06182902835499,9.918601294123835,13.826089530681358,11786.009154534322,0.645002782344818,9.65276241,5.300000000000001,80.76,1.583,4.08161318358005,524106.0,41.536
Mali,-0.844119906425476,53.0,0.29667606307730754,112.12,32.965283284591635,24.796496641707996,3.508282789613901,969.7222056056198,-2.56074357032776,3.67284775,59.0,60.035,5.692,2.4262091377493,23072640.0,45.437
Malta,0.238765001296997,100.0,3.3128543266687127,132.861,0.7706625496420969,11.89600841897823,4.269318530122931,36224.28199558168,0.911014318466187,9.52376747,5.0,82.4487804878049,1.0800000000000003,19.2843700775476,531113.0,94.875
Marshall Islands,0.385714828968048,100.0,0.0,39.70609999999999,21.01274664561957,8.499526440410417,-1.1180679785331051,6322.828555031563,1.0159205198288,11.73604298,24.3,66.725,2.936,4.11208423784215,40077.0,78.52
Mauritania,-0.790683805942535,49.0,0.9803026763477263,109.884,21.23020138885938,29.13755033305148,6.796005101822857,1960.3524007742344,-0.516949355602264,4.48389912,32.0,68.281,4.77,3.2085035033880196,4875637.0,56.923
Mauritius,0.420371741056442,100.0,3.2071494935141778,164.309,3.5630307504282825,18.106228114627186,8.69306675264066,10223.788231657354,0.830023586750031,5.82381678,13.8,73.51463414634146,1.32,12.3957639095405,1262523.0,40.81
Mexico,-1.01208603382111,100.0,3.6228373191515137,105.713,3.8993145717895965,33.137222713832735,3.710988931171826,11402.14103747819,-0.689268112182617,5.72145176,11.1,73.973,1.94,7.74526983999124,128613117.0,81.3
"Micronesia, Fed. Sts.",0.483295738697052,85.3,0.0,19.988600000000005,23.227094158673253,5.018645003296264,-2.9058658059566937,3710.1244845325637,1.20921885967255,10.34470272,21.5,66.961,2.785,5.51940667270222,112114.0,23.217
Moldova,-0.342236280441284,100.0,3.73997391497611,137.183,8.114280000584213,19.09082181107453,-4.6000000000000085,5744.296184344348,-0.659070193767548,6.96505404,13.600000000000001,71.546,1.694,15.1170014189217,2528654.0,43.173
Monaco,1.27027237415314,100.0,8.550067074214311,100.062,0.5063776378114966,12.275789448492898,11.04693942717516,226052.00190520077,1.18703246116638,3.39779735,2.3000000000000007,85.746,2.114,37.0612486033161,38931.0,100.0
Mongolia,-0.561183452606201,100.0,7.540011672376656,142.809,13.027853403536083,35.31221756694462,5.032709636652697,4993.514874634953,0.529954373836517,8.85170174,11.6,71.90073170731708,2.7,4.61634103806392,3433748.0,68.93
Montenegro,-0.118748672306538,100.0,2.7934999738386184,207.278,6.043989062828641,12.96530496700044,6.406680328792746,9990.204446169962,-0.140881478786469,10.92241859,2.1999999999999993,76.1878048780488,1.8,17.1459251034129,623591.0,68.164
Morocco,-0.387477546930313,100.0,1.883168032287121,141.87,9.818136451022804,25.91130939049632,1.5272035797611068,3455.3962402343786,-0.362119138240814,5.68049145,16.0,75.161,2.256,7.5098132650741,37329064.0,64.596
Mozambique,-0.835754334926605,33.199999999999996,0.3070836739777132,45.817800000000005,25.639222108274133,23.2425949902892,4.364450744326078,578.2516637513509,-1.26560831069946,8.77717781,46.5,63.011,4.84,2.7730989042647494,32656246.0,38.187
Myanmar,-1.15152585506439,73.6,0.6025750757760129,107.535,22.334350076849493,38.247135765302346,4.037493436008504,1158.0500503433177,-2.19571399688721,5.20476246,35.2,66.506,2.131,6.87716132590698,53756787.0,31.771
Namibia,0.215130418539047,56.2,1.4724213420116263,100.558,8.758893663341418,27.111725563061643,5.398724762240931,4349.799084933144,0.559885740280151,9.29635525,39.7,64.19,3.248,3.52321421619307,2889662.0,53.956
Nauru,0.60178005695343,100.0,0.0,87.1706,18.2552115232821,13.685699196915131,2.9515183463878003,12896.43410464811,0.877918004989624,18.17031097,8.8,61.93,3.379,2.4319972883653893,11801.00000000745,100.0
Nepal,-0.532767117023468,91.3,0.5795607373891469,133.273,20.91436998151288,12.181228473134247,5.631314556845098,1385.910662748509,-0.239196881651878,6.65589333,24.2,70.087,2.002,6.19751969986239,29715436.0,21.451
Netherlands,1.91720008850098,100.0,7.512052156202407,115.821,1.6419472339055368,18.65639653055885,5.007234551596113,59123.31855648699,0.726799547672272,10.10068321,3.5,81.61463414634147,1.49,19.9012830406524,17700982.0,92.886
New Caledonia,0.871642440557481,100.0,20.48529724194857,91.6764,1.00816776384376,39.80737832260867,3.499999996313761,33516.36308590602,0.5984808862209329,6.649480654,8.120000000000001,77.698,1.998,10.7931095732491,287123.0,72.325
New Zealand,2.16323399543762,100.0,6.761818217349671,115.984,4.56898326146121,19.604444975261927,3.496386864588416,48760.03819359356,1.32116913795471,10.02858067,4.099999999999998,81.95853658536585,1.6599999999999997,16.4463886430602,5117100.0,86.884
Nicaragua,-1.28762543201447,86.5,0.8029086029381394,104.278,16.80303121839451,25.94361059603292,3.5502994561397543,2322.890539645832,-0.35851177573204007,8.95364857,10.7,74.463,2.24,5.23936494428067,6730654.0,59.556
Niger,-0.584792077541351,19.5,0.11476782153647225,63.3771,41.3505163572647,18.88851251716822,11.900000000027717,609.7451476616843,-1.46439230442047,4.35259724,68.3,60.398,6.135,2.550725698071819,25311973.0,16.894
Nigeria,-1.12968230247498,60.5,0.5830431440436605,99.5852,23.691871840460323,30.77556871901027,3.251681408270926,2139.374784769734,-1.77890145778656,4.27090406,61.6,54.079,4.552,3.0079422199764405,223150896.0,53.521
North Macedonia,-0.323990255594254,100.0,4.577138764172534,111.303,7.2798878546816255,23.02446806946344,2.7588841533296744,7606.237525379702,0.180839285254478,7.6204114,3.6000000000000014,74.4248780487805,1.6,17.047678201619,1831712.0,59.118
Northern Mariana Islands,-0.08643011450767522,100.0,0.0,127.75456,3.4489233312664505,16.644455117834994,16.64275466284076,23785.75459004297,0.04335300922393842,6.896204664,11.959999999999999,78.531,2.388,7.78028560267373,46078.0,91.983
Norway,2.0676383972168,100.0,8.16471744198,111.657,1.6344244322904355,49.12889712981464,3.246228602609321,109269.5205802976,0.86123925447464,7.94803333,1.8999999999999986,82.50975609756098,1.41,18.3301335040316,5457127.0,83.664
Oman,0.05263793468475339,100.0,19.231723811927804,136.801,2.1082711466343422,59.48520777302171,7.98570728354278,23223.582940593456,0.532249212265015,2.9162159,8.5,77.911,2.449,2.6575474406508306,4730226.0,87.75
Pakistan,-0.80435037612915,95.0,0.897331150923768,79.1051,22.326864699603053,20.412595554361264,4.778106869035796,1538.3228133170996,-1.83982634544373,2.9043405099999995,51.8,67.417,3.662,4.11167709278366,243700667.0,37.731
Palau,0.60178005695343,100.0,78.7262796328622,135.143,3.200776552861191,11.773140770551088,-1.3184271665502365,14392.201137451431,1.08399426937103,14.28555965,19.5,68.922,1.927,10.3778365898981,17759.0,81.956
Panama,-0.634862422943115,95.0,2.7263619368688183,152.062,2.611520861549053,26.46613982643928,10.76966587061898,17332.436074298766,0.289221227169037,8.46561432,11.1,79.324,2.139,8.76630082942247,4400773.0,69.141
Papua New Guinea,-0.696280241012573,19.0,0.569685751554247,49.1907,16.908591932501118,40.279199607031,5.707584042381967,3102.2896859406064,-0.659367442131042,2.6182510899999993,33.0,65.274,3.165,3.2470204479108205,10203169.0,13.582
Paraguay,-1.0905796289444,100.0,1.209783825488901,128.088,10.8974804512494,34.253965760077165,0.17603836612406099,6205.625953793704,0.0355493128299713,7.73804235,15.6,72.319,2.444,6.23091107355945,6760464.0,62.818
Peru,-0.808002054691315,96.2,1.703078537762523,124.119,7.174162292069777,34.931429915672894,2.809033553301504,7350.6303430041735,-0.487095445394516,6.0930872,13.8,76.834,2.004,8.81067934047644,33475438.0,78.708
Philippines,-0.541212201118469,94.8,1.3218055985197754,147.429,9.55176804414326,29.221239936433847,7.580982127855634,3548.0693057211574,-0.655268549919128,5.15676308,22.4,69.472,1.929,5.04131518299472,113964338.0,47.977
Poland,0.506645441055298,100.0,8.616969824002656,137.002,2.8060693035780506,29.18148249673477,5.255456973860362,18891.213529395965,0.505146443843842,6.39626455,3.6999999999999993,77.15609756097562,1.29,19.0192157040405,36821749.0,60.134
Portugal,0.728919625282288,100.0,3.7854555519222495,122.801,1.9054367775604337,18.403243006462564,6.985841781199696,24620.51955687504,0.795802593231201,10.46883011,2.6000000000000014,81.6317073170732,1.4300000000000002,23.688003515383,10434332.0,67.381
Puerto Rico (US),0.11363242566585499,100.0,3.9232492282160663,120.216,0.6639805276884001,48.22339751782488,2.957095654995868,35353.68215700139,0.542631983757019,8.271407892,2.3199999999999967,79.427,0.9140000000000001,23.8149799974915,3220137.0,93.61
Qatar,0.804029524326324,100.0,44.6800607977999,162.249,0.2565596177505398,65.3488994932063,4.18500970982862,88701.46335227301,0.960249304771423,2.1811232599999997,5.0,81.857,1.7390000000000003,1.391102022330509,2657333.0,99.318
Romania,0.0164916589856148,100.0,3.9888595964134086,121.142,3.8129043866278014,27.335276548274496,3.965307663117173,15557.882624758362,0.431136310100555,5.7490139,5.4,75.15365853658537,1.71,19.5152470245056,19048502.0,54.489
Russian Federation,-0.979839682579041,100.0,14.040395603808356,168.476,3.420293536128079,32.230143568513775,-1.4358821385984157,15619.6142578125,-1.00599670410156,6.91986275,3.8999999999999986,72.54560975609758,1.416,16.0755362936472,144236933.0,75.126
Rwanda,0.561417639255524,50.6,0.11883352391724245,80.5952,24.886975847495968,21.26953122778052,8.161207208729124,975.4693239795415,0.082752451300621,7.8792119,30.8,67.528,3.778,3.7214481251597906,13651030.0,17.721000000000004
Samoa,0.554122447967529,98.3,2.103957521334566,62.3987,9.992649874749276,11.424760793765605,-5.30629089966979,3869.466394921441,1.09655201435089,6.3012085,13.1,71.55,3.883,5.55629109845977,215261.0,17.616
San Marino,1.27027237415314,100.0,11.950834136304465,120.27,0.011488916733327414,37.59520177773305,7.898441457676043,54264.57049589802,1.18703246116638,7.40650225,1.3999999999999986,85.708,1.136,21.0237606336169,33755.0,97.732
Sao Tome and Principe,0.305139541625977,78.0,0.9054152581692847,86.7785,13.931757705354771,4.3554064353605035,0.16869849221656352,2389.7372978473686,0.460358828306198,7.46419811,9.8,69.237,3.695,3.8485671991339103,226305.00000000745,75.755
Saudi Arabia,0.357307374477386,100.0,18.81129405656974,149.798,2.214791590803636,53.1237705884733,12.000587475292889,38510.22762110374,-0.35580629110336304,4.62462378,5.099999999999998,77.31,2.14,2.7024941747722595,32175224.0,84.729
Senegal,-0.0131743038073182,67.9,0.7001035572677807,118.15,16.333323196840553,24.89997907112373,3.8504319373576834,1574.0281059305998,-0.157593667507172,4.06358385,31.4,67.788,3.864,3.56339204411192,17651103.0,49.086
Serbia,-0.456542432308197,100.0,5.9885927878957075,129.813,5.338337720634305,25.218013729597672,2.630986444088407,10022.968854340246,-0.174069464206696,9.65742779,4.5,75.23658536585367,1.59,22.0776743361109,6664449.0,56.873
Seychelles,1.69851016998291,100.0,10.031031548741218,163.43,2.4356014525146863,11.978764338336664,12.71046889028355,16836.672189538738,0.762523114681244,4.2375164,13.3,73.70243902439026,2.01,8.14754326913502,119878.0,58.396
Sierra Leone,-0.559889018535614,29.4,0.1332518687460027,107.882,33.81581010282239,20.7187562701714,5.313554614191503,860.7745909325931,-0.0945132076740265,7.94752312,58.0,61.275,3.876,3.17537929635059,8276807.0,43.831
Singapore,2.09469985961914,100.0,9.891251089671108,173.005,0.02597731637364653,23.840521792089987,4.108000218971512,90299.0694637269,1.44037234783173,4.89702511,1.8000000000000007,82.89512195121952,1.04,12.6908966015146,5637022.0,100.0
Sint Maarten (Dutch part),0.5800543352961535,100.0,9.30145388362704,205.373,2.3445776903323123,32.10225286467326,9.800001111457776,36476.63008338591,0.5335806787014008,6.924796102,5.379999999999999,76.18,1.4530000000000003,12.9762568672354,42139.0,100.0
Slovak Republic,0.213295862078667,100.0,6.54551238716348,136.029,1.9299859637450538,26.534195815207045,0.43735950856917327,21334.6011006572,0.44533574581146196,7.73064041,5.0,76.96585365853659,1.57,17.5706371952843,5431752.0,53.909
Slovenia,0.767268538475037,100.0,6.217531944873196,126.459,1.7102320081772984,28.00983047076927,2.699238745238276,28373.83822659993,0.709335088729858,9.60507679,1.8999999999999986,81.28292682926829,1.5500000000000003,20.8812714279501,2112076.0,55.751
Solomon Islands,-0.184632152318954,76.0,0.5185221223302516,62.0735,33.75552859211711,18.656698892324552,2.402481436225216,2005.4139933197985,0.41390562057495095,4.82369328,17.0,70.409,3.62,3.6286946301592895,781066.0,25.584000000000003
Somalia,-1.79261124134064,48.9,0.048657735745802455,49.6801,30.194227734495776,31.060763235882405,2.7271142958214654,573.1280924723505,-2.42969608306885,2.62183189,89.9,53.931,6.255,2.5418133808998,17801897.0,47.324
South Africa,-0.33009460568428,86.5,6.563286880829441,160.729,2.709908718212229,24.934872579234213,1.9114799603350434,6523.410978158534,-0.681386351585388,8.77086639,24.5,65.454,2.227,6.3616265627803,62378410.0,68.335
South Sudan,-1.85579764842987,8.400000000000006,0.1317459788825044,48.4888,29.503984060016414,26.722426790714746,7.986902892927867,609.4559544418516,-2.21309995651245,6.76125622,72.6,57.203,3.964,2.835790458868849,11021177.0,20.846000000000004
Spain,0.685416162014008,100.0,4.92760844983757,123.4,2.3095755840914833,20.930906380107,6.17931219966114,30270.26870174581,0.31884342432022095,9.73828793,2.6000000000000014,83.13414634146342,1.1599999999999997,20.1879992491906,47786102.0,81.304
Sri Lanka,-0.383232533931732,100.0,0.9007799468013165,151.727,8.44795287007937,29.80583157906254,-7.349193013067449,3342.636502538553,-0.80430680513382,4.36269855,5.5,77.3,1.984,11.3824347880542,22181000.0,19.025999999999996
St. Kitts and Nevis,0.389969080686569,100.0,2.4128112355220623,116.924,1.1876017849923102,21.695742695096563,10.342404054602513,20985.011216015948,0.938082098960876,5.56801701,14.7,70.313,1.512,10.2356051766771,46709.0,30.991000000000003
St. Lucia,0.579390466213226,100.0,1.572874074985597,98.6676,1.5183397546056892,8.86594059124188,20.388443182841428,13103.824314747177,1.03362321853638,5.01938295,14.400000000000002,72.67,1.387,9.00319385169565,178781.0,19.049999999999997
St. Martin (French part),0.817980713211,100.0,6.26548588260666,135.56166,6.97007190005759,18.363519884390428,4.9644437396291865,44334.47937623251,0.2594438195228561,9.501087093999999,2.84,80.236,2.763,16.34540447862,28870.0,83.5034
St. Vincent and the Grenadines,0.756547927856445,100.0,0.8946945495168848,102.334,4.639416506602865,14.617288388166886,3.110833003435204,9693.558678330251,1.03362321853638,4.68767738,10.3,71.191,1.791,11.2434588322913,102046.0,53.875
Sudan,-1.41372871398926,63.2,0.43340522126629466,70.20840000000001,5.031292661501224,4.871401745771198,-0.9578165911191832,1046.2408447265589,-2.0769202709198,4.61874437,40.3,65.695,4.384,3.12501104243737,49383346.0,35.956
Suriname,-0.404953330755234,99.0,4.07468980878228,149.052,7.295661794900951,42.23051732673471,2.40622235601218,6084.438767364452,0.399689197540283,5.91760969,15.7,73.254,2.274,7.3556078335719,623164.0,66.307
Sweden,2.06152534484863,100.0,3.452732307733971,140.782,1.0402012817612185,24.024881628299475,1.4592884998004365,55296.93714725353,0.910905122756958,10.49857044,2.0,83.05853658536587,1.53,20.3419018248482,10486941.0,88.492
Switzerland,2.00936198234558,100.0,3.9208106378789855,123.971,0.6163797988148598,24.54338165606891,3.044061029694234,94394.51068035244,1.15974533557892,11.70653343,3.5,83.60487804878049,1.39,19.2186649457438,8777088.0,74.092
Syrian Arab Republic,-1.77618515491486,89.0,1.1260219570030023,78.6568,43.0599878108777,12.000958703636542,0.7327813018613654,1051.671495874627,-2.77689838409424,4.15098715,19.5,72.79,2.746,4.66656330771211,22462173.0,56.769
Tajikistan,-1.43427646160126,100.0,0.9019445853763548,126.161,22.934853704084475,34.70258085642701,8.000000338463636,1052.1794948489405,-0.740999102592468,7.62917423,23.1,71.562,3.127,3.4728765489497295,10182222.0,27.968000000000004
Tanzania,-0.354882270097733,45.8,0.2933235335782003,93.016,24.25696945695516,27.68481117567825,4.566005764309551,1207.85302734375,-0.260344117879868,3.1119566,31.2,66.879,4.671,3.03504980952398,64711821.0,36.682
Thailand,-0.452444344758987,99.9,3.845649052505217,176.223,8.719451384414441,35.12175770314611,2.5803787470982655,6909.352818158268,-0.393339306116104,5.35470581,8.3,75.291,1.221,14.0967841661394,71735329.0,52.889
Timor-Leste,-0.265468001365662,99.7,0.5200486381678164,108.158,10.334492362047108,54.512344341676865,-20.54158474717333,2343.2452335038906,0.256246715784073,14.32454681,36.9,67.368,2.801,5.40526131868541,1369295.0,32.074
Togo,-0.637628197669983,57.2,0.2783468566420728,72.2148,18.70014266678964,20.141136114321824,5.759542515217333,898.7581544107125,-0.788051605224609,6.04134083,36.9,62.29,4.253,3.1154141563038404,9089738.0,43.921
Tonga,-0.420545071363449,100.0,2.024904323984692,61.7258,15.571936566834529,15.545220086036412,-2.309864445204596,4933.074669307845,1.09290516376495,8.13607597,8.2,72.635,3.171,6.50073304011729,105042.0,23.125
Trinidad and Tobago,-0.37944084405899,100.0,20.444646197663648,133.632,0.7591153495323386,46.05010545909445,1.082222339508192,20874.37682914996,0.34842374920845,6.43106365,17.6,73.331,1.544,11.3581160508757,1365805.0,53.34
Tunisia,-0.299796938896179,100.0,2.513166152529504,131.875,10.711740966144095,24.671297391453948,2.6733182184056687,3708.848124103599,-0.594559073448181,6.96380186,11.5,76.05,1.847,8.83897616977039,12119334.0,70.214
Turkiye,-0.468106269836426,100.0,5.104096776375848,103.721,6.476925813391694,31.29376745981395,5.53342787492781,10674.504157864983,-1.03223478794098,3.70338893,8.0,77.591,1.63,9.71952040624191,84979913.0,77.022
Turkmenistan,-1.43713247776031,100.0,9.214041727516816,117.7997,10.934487068923753,40.44776697900214,6.199999936216983,8156.352119507736,-0.110257938504219,5.37103748,32.0,69.913,2.728,4.0446776455345,7230192.999999996,53.494
Turks and Caicos Islands,0.4513035118579869,99.9,2.133182105699391,121.72446,0.43301845941654804,10.049863365592394,14.087123416815288,31280.54180208084,0.5134603559970861,6.969838048,4.099999999999998,77.918,1.477,10.6058127487867,45847.0,94.047
Tuvalu,0.652524471282959,100.0,0.0,98.8591,15.814701397066644,10.6831592267474,0.6773093614383039,5911.327270553014,1.18310344219208,18.38210106,17.7,66.852,3.244,5.88470776621297,9992.0,65.527
Uganda,-1.06119692325592,47.1,0.15262280741041323,70.1401,24.011722052955268,26.766148633372637,4.588021921817727,963.0673142334963,-0.711015820503235,4.39089251,28.7,67.675,4.388,2.1152049820344807,47312719.0,26.159
Ukraine,-0.634004473686218,100.0,3.3700306606049986,120.261,8.57297627041519,18.010831602442703,-28.75858421550849,4199.6708984375,-1.94932460784912,5.891457558,8.0,72.658,0.897,17.8569387445167,41048766.0,69.919
United Arab Emirates,1.1556144952774,100.0,20.53597740223129,195.625,0.7033470207399919,51.08332895625073,7.5096970349644465,49899.06529751974,0.744183301925659,4.67550945,4.199999999999999,80.487,1.1480000000000001,1.63973912932682,10074977.0,87.543
United Kingdom,1.62012147903442,100.0,4.8438065794923375,119.834,0.6603394199240977,17.241655016489684,4.839085178771342,46062.99140796976,0.533176064491272,11.05087757,3.8999999999999986,81.01121951219511,1.56,18.9303147227989,67604000.0,84.398
United States,1.10414469242096,100.0,14.330486172601809,108.786,1.1150812978697608,18.08359806763537,2.512375319833197,77860.91129088482,0.008700686506927,16.49613953,5.5,77.43414634146343,1.6565,16.9196203896458,334017321.0,83.084
Uruguay,1.61050200462341,100.0,2.5687477089503625,139.829,6.918402775770738,17.70865421086169,4.486227030720727,20818.614609114356,1.08582961559296,8.94532204,5.599999999999998,76.468,1.425,15.6134055931249,3390913.0,95.688
Uzbekistan,-0.757770240306854,100.0,3.975831561075596,105.472,20.97377168914149,31.48135075071116,6.001342322034418,2578.666893942187,-0.20133601129055,7.36325455,13.1,72.147,3.396,5.54495683192361,34938955.0,50.466
Vanuatu,-0.0285798031836748,71.6,0.887409518089993,81.6203,24.88014130709059,7.546471528303474,5.18622862422562,3292.341088212368,0.9618620872497559,4.14742947,14.400000000000002,71.302,3.647,4.14986272007513,313046.0,25.816000000000003
"Venezuela, RB",-1.65152418613434,100.0,2.759258253025545,66.4668,3.280251843085747,19.962992938325165,8.348437608032956,3306.912,-1.25080645084381,4.55047369,21.5,72.566,2.088,8.98203848567557,28213017.0,88.378
Viet Nam,-0.287254333496094,100.0,3.259415781326878,137.852,11.880299830258508,38.4823612398341,8.537500467557877,4147.697772136209,-0.0461320951581001,4.58891582,14.3,74.502,1.927,8.23004774597438,99680655.0,38.766
Virgin Islands (U.S.),-0.0058830576017499005,100.0,0.001897299194596691,91.462,1.5503416274087805,23.35969137355505,-1.3112320633349839,44320.90918577405,0.529783725738525,9.676431752,4.239999999999998,80.31951219512196,2.0,21.8115297027986,105413.0,96.136
West Bank and Gaza,-0.702707529067993,100.0,5.752914477846801,76.5666,5.745219274216692,17.392710860661083,4.082760273471052,3799.9552701516295,-1.70195543766022,9.73336029,12.3,76.662,3.375,3.7027992920247197,5043612.000000004,77.291
"Yemen, Rep.",-1.67981278896332,76.0,0.2927723178130286,46.4534,24.195962878189313,17.372276572107168,2.9186102231268984,615.7020776577556,-2.462735414505,6.18666697,35.7,67.952,4.593,2.5040763874502305,38222876.0,39.188
Zambia,-0.504948019981384,47.8,0.38738768511072674,98.4373,3.094015834076224,35.28382101824494,5.211223603562473,1447.123101380348,0.161331877112389,5.25592279,32.2,65.279,4.175,1.8560891717128296,20152938.0,45.761
Zimbabwe,-1.25996947288513,50.1,0.6822429394732339,88.9958,7.170549745262451,39.69164138372492,6.139176174474898,2040.546587053952,-0.894974112510681,3.62880659,42.2,62.36,3.767,3.6082270050035,16069056.0,32.395
